PRAGMA foreign_keys=OFF;
BEGIN TRANSACTION;
CREATE TABLE IF NOT EXISTS "django_migrations" ("id" integer NOT NULL PRIMARY KEY AUTOINCREMENT, "app" varchar(255) NOT NULL, "name" varchar(255) NOT NULL, "applied" datetime NOT NULL);
INSERT INTO django_migrations VALUES(1,'contenttypes','0001_initial','2025-08-07 11:00:15.002792');
INSERT INTO django_migrations VALUES(2,'contenttypes','0002_remove_content_type_name','2025-08-07 11:00:15.006166');
INSERT INTO django_migrations VALUES(3,'auth','0001_initial','2025-08-07 11:00:15.011163');
INSERT INTO django_migrations VALUES(4,'auth','0002_alter_permission_name_max_length','2025-08-07 11:00:15.014542');
INSERT INTO django_migrations VALUES(5,'auth','0003_alter_user_email_max_length','2025-08-07 11:00:15.016494');
INSERT INTO django_migrations VALUES(6,'auth','0004_alter_user_username_opts','2025-08-07 11:00:15.018541');
INSERT INTO django_migrations VALUES(7,'auth','0005_alter_user_last_login_null','2025-08-07 11:00:15.020883');
INSERT INTO django_migrations VALUES(8,'auth','0006_require_contenttypes_0002','2025-08-07 11:00:15.021643');
INSERT INTO django_migrations VALUES(9,'auth','0007_alter_validators_add_error_messages','2025-08-07 11:00:15.023971');
INSERT INTO django_migrations VALUES(10,'auth','0008_alter_user_username_max_length','2025-08-07 11:00:15.025937');
INSERT INTO django_migrations VALUES(11,'auth','0009_alter_user_last_name_max_length','2025-08-07 11:00:15.028121');
INSERT INTO django_migrations VALUES(12,'auth','0010_alter_group_name_max_length','2025-08-07 11:00:15.030413');
INSERT INTO django_migrations VALUES(13,'auth','0011_update_proxy_permissions','2025-08-07 11:00:15.032193');
INSERT INTO django_migrations VALUES(14,'auth','0012_alter_user_first_name_max_length','2025-08-07 11:00:15.034438');
INSERT INTO django_migrations VALUES(15,'users','0001_initial','2025-08-07 11:00:15.037812');
INSERT INTO django_migrations VALUES(16,'admin','0001_initial','2025-08-07 11:00:15.041053');
INSERT INTO django_migrations VALUES(17,'admin','0002_logentry_remove_auto_add','2025-08-07 11:00:15.044771');
INSERT INTO django_migrations VALUES(18,'admin','0003_logentry_add_action_flag_choices','2025-08-07 11:00:15.047155');
INSERT INTO django_migrations VALUES(19,'leads','0001_initial','2025-08-07 11:00:15.052325');
INSERT INTO django_migrations VALUES(20,'leads','0002_contact','2025-08-07 11:00:15.053512');
INSERT INTO django_migrations VALUES(21,'contacts','0001_initial','2025-08-07 11:00:15.057223');
INSERT INTO django_migrations VALUES(22,'contacts','0002_rename_first_name_contact_name_and_more','2025-08-07 11:00:15.073219');
INSERT INTO django_migrations VALUES(23,'teams','0001_initial','2025-08-07 11:00:15.076958');
INSERT INTO django_migrations VALUES(24,'teams','0002_remove_team_created_by_team_description_team_manager_and_more','2025-08-07 11:00:15.087959');
INSERT INTO django_migrations VALUES(25,'leads','0003_attachment_campaign_note_ticket_delete_contact_and_more','2025-08-07 11:00:15.105034');
INSERT INTO django_migrations VALUES(26,'leads','0004_lead_assigned_to','2025-08-07 11:00:15.109800');
INSERT INTO django_migrations VALUES(27,'leads','0005_lead_team','2025-08-07 11:00:15.115063');
INSERT INTO django_migrations VALUES(28,'sessions','0001_initial','2025-08-07 11:00:15.116584');
INSERT INTO django_migrations VALUES(29,'teams','0003_remove_team_manager_team_assigned_to','2025-08-07 11:00:15.126670');
INSERT INTO django_migrations VALUES(30,'token_blacklist','0001_initial','2025-08-07 11:00:15.136911');
INSERT INTO django_migrations VALUES(31,'token_blacklist','0002_outstandingtoken_jti_hex','2025-08-07 11:00:15.142088');
INSERT INTO django_migrations VALUES(32,'token_blacklist','0003_auto_20171017_2007','2025-08-07 11:00:15.147379');
INSERT INTO django_migrations VALUES(33,'token_blacklist','0004_auto_20171017_2013','2025-08-07 11:00:15.153150');
INSERT INTO django_migrations VALUES(34,'token_blacklist','0005_remove_outstandingtoken_jti','2025-08-07 11:00:15.158128');
INSERT INTO django_migrations VALUES(35,'token_blacklist','0006_auto_20171017_2113','2025-08-07 11:00:15.163455');
INSERT INTO django_migrations VALUES(36,'token_blacklist','0007_auto_20171017_2214','2025-08-07 11:00:15.173769');
INSERT INTO django_migrations VALUES(37,'token_blacklist','0008_migrate_to_bigautofield','2025-08-07 11:00:15.181846');
INSERT INTO django_migrations VALUES(38,'token_blacklist','0010_fix_migrate_to_bigautofield','2025-08-07 11:00:15.202126');
INSERT INTO django_migrations VALUES(39,'token_blacklist','0011_linearizes_history','2025-08-07 11:00:15.203041');
INSERT INTO django_migrations VALUES(40,'token_blacklist','0012_alter_outstandingtoken_user','2025-08-07 11:00:15.207408');
INSERT INTO django_migrations VALUES(41,'token_blacklist','0013_alter_blacklistedtoken_options_and_more','2025-08-07 11:00:15.212459');
INSERT INTO django_migrations VALUES(42,'users','0002_lead','2025-08-07 11:00:15.213882');
INSERT INTO django_migrations VALUES(43,'users','0003_customuser_team_lead_user','2025-08-07 11:00:15.224624');
INSERT INTO django_migrations VALUES(44,'users','0004_delete_lead','2025-08-07 11:00:15.225555');
INSERT INTO django_migrations VALUES(45,'users','0005_customuser_role','2025-08-07 11:00:15.230369');
INSERT INTO django_migrations VALUES(46,'users','0006_alter_customuser_team','2025-08-07 11:00:15.235141');
INSERT INTO django_migrations VALUES(47,'leads','0006_rename_author_note_created_by_and_more','2025-08-07 19:02:01.339247');
INSERT INTO django_migrations VALUES(48,'leads','0007_rename_content_note_description_and_more','2025-08-08 05:51:31.517923');
CREATE TABLE IF NOT EXISTS "django_content_type" ("id" integer NOT NULL PRIMARY KEY AUTOINCREMENT, "app_label" varchar(100) NOT NULL, "model" varchar(100) NOT NULL);
INSERT INTO django_content_type VALUES(1,'admin','logentry');
INSERT INTO django_content_type VALUES(2,'auth','permission');
INSERT INTO django_content_type VALUES(3,'auth','group');
INSERT INTO django_content_type VALUES(4,'contenttypes','contenttype');
INSERT INTO django_content_type VALUES(5,'sessions','session');
INSERT INTO django_content_type VALUES(6,'users','customuser');
INSERT INTO django_content_type VALUES(7,'teams','team');
INSERT INTO django_content_type VALUES(8,'leads','lead');
INSERT INTO django_content_type VALUES(9,'leads','attachment');
INSERT INTO django_content_type VALUES(10,'leads','campaign');
INSERT INTO django_content_type VALUES(11,'leads','note');
INSERT INTO django_content_type VALUES(12,'leads','ticket');
INSERT INTO django_content_type VALUES(13,'contacts','contact');
INSERT INTO django_content_type VALUES(14,'token_blacklist','blacklistedtoken');
INSERT INTO django_content_type VALUES(15,'token_blacklist','outstandingtoken');
CREATE TABLE IF NOT EXISTS "auth_group_permissions" ("id" integer NOT NULL PRIMARY KEY AUTOINCREMENT, "group_id" integer NOT NULL REFERENCES "auth_group" ("id") DEFERRABLE INITIALLY DEFERRED, "permission_id" integer NOT NULL REFERENCES "auth_permission" ("id") DEFERRABLE INITIALLY DEFERRED);
CREATE TABLE IF NOT EXISTS "auth_permission" ("id" integer NOT NULL PRIMARY KEY AUTOINCREMENT, "content_type_id" integer NOT NULL REFERENCES "django_content_type" ("id") DEFERRABLE INITIALLY DEFERRED, "codename" varchar(100) NOT NULL, "name" varchar(255) NOT NULL);
INSERT INTO auth_permission VALUES(1,1,'add_logentry','Can add log entry');
INSERT INTO auth_permission VALUES(2,1,'change_logentry','Can change log entry');
INSERT INTO auth_permission VALUES(3,1,'delete_logentry','Can delete log entry');
INSERT INTO auth_permission VALUES(4,1,'view_logentry','Can view log entry');
INSERT INTO auth_permission VALUES(5,2,'add_permission','Can add permission');
INSERT INTO auth_permission VALUES(6,2,'change_permission','Can change permission');
INSERT INTO auth_permission VALUES(7,2,'delete_permission','Can delete permission');
INSERT INTO auth_permission VALUES(8,2,'view_permission','Can view permission');
INSERT INTO auth_permission VALUES(9,3,'add_group','Can add group');
INSERT INTO auth_permission VALUES(10,3,'change_group','Can change group');
INSERT INTO auth_permission VALUES(11,3,'delete_group','Can delete group');
INSERT INTO auth_permission VALUES(12,3,'view_group','Can view group');
INSERT INTO auth_permission VALUES(13,4,'add_contenttype','Can add content type');
INSERT INTO auth_permission VALUES(14,4,'change_contenttype','Can change content type');
INSERT INTO auth_permission VALUES(15,4,'delete_contenttype','Can delete content type');
INSERT INTO auth_permission VALUES(16,4,'view_contenttype','Can view content type');
INSERT INTO auth_permission VALUES(17,5,'add_session','Can add session');
INSERT INTO auth_permission VALUES(18,5,'change_session','Can change session');
INSERT INTO auth_permission VALUES(19,5,'delete_session','Can delete session');
INSERT INTO auth_permission VALUES(20,5,'view_session','Can view session');
INSERT INTO auth_permission VALUES(21,6,'add_customuser','Can add custom user');
INSERT INTO auth_permission VALUES(22,6,'change_customuser','Can change custom user');
INSERT INTO auth_permission VALUES(23,6,'delete_customuser','Can delete custom user');
INSERT INTO auth_permission VALUES(24,6,'view_customuser','Can view custom user');
INSERT INTO auth_permission VALUES(25,7,'add_team','Can add team');
INSERT INTO auth_permission VALUES(26,7,'change_team','Can change team');
INSERT INTO auth_permission VALUES(27,7,'delete_team','Can delete team');
INSERT INTO auth_permission VALUES(28,7,'view_team','Can view team');
INSERT INTO auth_permission VALUES(29,8,'add_lead','Can add lead');
INSERT INTO auth_permission VALUES(30,8,'change_lead','Can change lead');
INSERT INTO auth_permission VALUES(31,8,'delete_lead','Can delete lead');
INSERT INTO auth_permission VALUES(32,8,'view_lead','Can view lead');
INSERT INTO auth_permission VALUES(33,9,'add_attachment','Can add attachment');
INSERT INTO auth_permission VALUES(34,9,'change_attachment','Can change attachment');
INSERT INTO auth_permission VALUES(35,9,'delete_attachment','Can delete attachment');
INSERT INTO auth_permission VALUES(36,9,'view_attachment','Can view attachment');
INSERT INTO auth_permission VALUES(37,10,'add_campaign','Can add campaign');
INSERT INTO auth_permission VALUES(38,10,'change_campaign','Can change campaign');
INSERT INTO auth_permission VALUES(39,10,'delete_campaign','Can delete campaign');
INSERT INTO auth_permission VALUES(40,10,'view_campaign','Can view campaign');
INSERT INTO auth_permission VALUES(41,11,'add_note','Can add note');
INSERT INTO auth_permission VALUES(42,11,'change_note','Can change note');
INSERT INTO auth_permission VALUES(43,11,'delete_note','Can delete note');
INSERT INTO auth_permission VALUES(44,11,'view_note','Can view note');
INSERT INTO auth_permission VALUES(45,12,'add_ticket','Can add ticket');
INSERT INTO auth_permission VALUES(46,12,'change_ticket','Can change ticket');
INSERT INTO auth_permission VALUES(47,12,'delete_ticket','Can delete ticket');
INSERT INTO auth_permission VALUES(48,12,'view_ticket','Can view ticket');
INSERT INTO auth_permission VALUES(49,13,'add_contact','Can add contact');
INSERT INTO auth_permission VALUES(50,13,'change_contact','Can change contact');
INSERT INTO auth_permission VALUES(51,13,'delete_contact','Can delete contact');
INSERT INTO auth_permission VALUES(52,13,'view_contact','Can view contact');
INSERT INTO auth_permission VALUES(53,14,'add_blacklistedtoken','Can add Blacklisted Token');
INSERT INTO auth_permission VALUES(54,14,'change_blacklistedtoken','Can change Blacklisted Token');
INSERT INTO auth_permission VALUES(55,14,'delete_blacklistedtoken','Can delete Blacklisted Token');
INSERT INTO auth_permission VALUES(56,14,'view_blacklistedtoken','Can view Blacklisted Token');
INSERT INTO auth_permission VALUES(57,15,'add_outstandingtoken','Can add Outstanding Token');
INSERT INTO auth_permission VALUES(58,15,'change_outstandingtoken','Can change Outstanding Token');
INSERT INTO auth_permission VALUES(59,15,'delete_outstandingtoken','Can delete Outstanding Token');
INSERT INTO auth_permission VALUES(60,15,'view_outstandingtoken','Can view Outstanding Token');
CREATE TABLE IF NOT EXISTS "auth_group" ("id" integer NOT NULL PRIMARY KEY AUTOINCREMENT, "name" varchar(150) NOT NULL UNIQUE);
CREATE TABLE IF NOT EXISTS "users_customuser_groups" ("id" integer NOT NULL PRIMARY KEY AUTOINCREMENT, "customuser_id" bigint NOT NULL REFERENCES "users_customuser" ("id") DEFERRABLE INITIALLY DEFERRED, "group_id" integer NOT NULL REFERENCES "auth_group" ("id") DEFERRABLE INITIALLY DEFERRED);
CREATE TABLE IF NOT EXISTS "users_customuser_user_permissions" ("id" integer NOT NULL PRIMARY KEY AUTOINCREMENT, "customuser_id" bigint NOT NULL REFERENCES "users_customuser" ("id") DEFERRABLE INITIALLY DEFERRED, "permission_id" integer NOT NULL REFERENCES "auth_permission" ("id") DEFERRABLE INITIALLY DEFERRED);
CREATE TABLE IF NOT EXISTS "django_admin_log" ("id" integer NOT NULL PRIMARY KEY AUTOINCREMENT, "object_id" text NULL, "object_repr" varchar(200) NOT NULL, "action_flag" smallint unsigned NOT NULL CHECK ("action_flag" >= 0), "change_message" text NOT NULL, "content_type_id" integer NULL REFERENCES "django_content_type" ("id") DEFERRABLE INITIALLY DEFERRED, "user_id" bigint NOT NULL REFERENCES "users_customuser" ("id") DEFERRABLE INITIALLY DEFERRED, "action_time" datetime NOT NULL);
INSERT INTO django_admin_log VALUES(1,'2','Note by Anshika on 2025-08-08 06:08:56.426023+00:00',2,'[{"changed": {"fields": ["Ticket"]}}]',11,1,'2025-08-08 06:25:54.620012');
INSERT INTO django_admin_log VALUES(2,'3','Kavya.lead (team_lead)',1,'[{"added": {}}]',6,1,'2025-08-08 08:13:17.228556');
INSERT INTO django_admin_log VALUES(3,'3','Kavya.lead (team_lead)',2,'[{"changed": {"fields": ["Is staff"]}}]',6,1,'2025-08-08 08:13:24.533210');
CREATE TABLE IF NOT EXISTS "leads_lead" ("id" integer NOT NULL PRIMARY KEY AUTOINCREMENT, "name" varchar(100) NOT NULL, "email" varchar(254) NOT NULL, "phone_number" varchar(15) NOT NULL, "status" varchar(20) NOT NULL, "created_at" datetime NOT NULL, "updated_at" datetime NOT NULL, "user_id" bigint NOT NULL REFERENCES "users_customuser" ("id") DEFERRABLE INITIALLY DEFERRED, "assigned_to_id" bigint NULL REFERENCES "users_customuser" ("id") DEFERRABLE INITIALLY DEFERRED, "team_id" bigint NULL REFERENCES "teams_team" ("id") DEFERRABLE INITIALLY DEFERRED);
INSERT INTO leads_lead VALUES(1,'Rahul','jjj@gmail.com','9811947747','Contacted','2025-08-07 11:06:23.188518','2025-08-07 11:06:23.188557',2,1,NULL);
INSERT INTO leads_lead VALUES(2,'Edward','test@example.com','9811947748','Contacted','2025-08-07 18:54:07.669597','2025-08-07 18:54:07.669624',2,2,NULL);
INSERT INTO leads_lead VALUES(3,'Shivam','skrcoder07@gmail.com','7838767921','Qualified','2025-08-08 08:04:19.336655','2025-08-08 08:04:19.336678',2,1,2);
INSERT INTO leads_lead VALUES(4,'Ramesh','jjjhhj@gmail.com','9811947748','Contacted','2025-08-08 09:48:16.211134','2025-08-08 09:48:22.661199',2,NULL,NULL);
CREATE TABLE IF NOT EXISTS "contacts_contact" ("id" integer NOT NULL PRIMARY KEY AUTOINCREMENT, "email" varchar(254) NOT NULL, "created_at" datetime NOT NULL, "lead_id" bigint NOT NULL REFERENCES "leads_lead" ("id") DEFERRABLE INITIALLY DEFERRED, "name" varchar(100) NOT NULL, "phone_number" varchar(15) NOT NULL, "notes" text NULL);
INSERT INTO contacts_contact VALUES(1,'test@example.com','2025-08-07 11:06:41.393531',1,'Shyam','7838767921',NULL);
INSERT INTO contacts_contact VALUES(2,'jjj@gmail.com','2025-08-08 08:04:44.352268',1,'Ram','7838767921',NULL);
CREATE TABLE IF NOT EXISTS "django_session" ("session_key" varchar(40) NOT NULL PRIMARY KEY, "session_data" text NOT NULL, "expire_date" datetime NOT NULL);
INSERT INTO django_session VALUES('rhp8itmbfj0jit2pdcq8wmn47hspt8il','.eJxVjEEOwiAQRe_C2hAKA8y4dO8ZCAxUqoYmpV0Z765NutDtf-_9lwhxW2vYelnClMVZDOL0u6XIj9J2kO-x3WbJc1uXKcldkQft8jrn8rwc7t9Bjb1-a2OU0hQdoPcO9eiBHUFGz8TA2llViKCgs0AG2YLNBodCo0HInEC8P6HaNog:1uk5rh:kfHlEIPLoPZrhISgeMo2x6d6577jIJUrAHwTI4Yb47I','2025-08-21 19:01:25.609964');
CREATE TABLE IF NOT EXISTS "teams_team" ("id" integer NOT NULL PRIMARY KEY AUTOINCREMENT, "name" varchar(100) NOT NULL UNIQUE, "created_at" datetime NOT NULL, "description" text NULL, "assigned_to_id" bigint NULL REFERENCES "users_customuser" ("id") DEFERRABLE INITIALLY DEFERRED);
INSERT INTO teams_team VALUES(2,'Alpha','2025-08-07 13:16:36.414517','This is Team Alpha',2);
INSERT INTO teams_team VALUES(3,'Beta','2025-08-07 13:22:31.895677','This is Team Beta',2);
INSERT INTO teams_team VALUES(4,'Gamma','2025-08-08 09:52:42.677978','This is Team Gamma',2);
CREATE TABLE IF NOT EXISTS "token_blacklist_blacklistedtoken" ("blacklisted_at" datetime NOT NULL, "token_id" bigint NOT NULL UNIQUE REFERENCES "token_blacklist_outstandingtoken" ("id") DEFERRABLE INITIALLY DEFERRED, "id" integer NOT NULL PRIMARY KEY AUTOINCREMENT);
CREATE TABLE IF NOT EXISTS "token_blacklist_outstandingtoken" ("token" text NOT NULL, "created_at" datetime NULL, "expires_at" datetime NOT NULL, "user_id" bigint NULL REFERENCES "users_customuser" ("id") DEFERRABLE INITIALLY DEFERRED, "jti" varchar(255) NOT NULL UNIQUE, "id" integer NOT NULL PRIMARY KEY AUTOINCREMENT);
INSERT INTO token_blacklist_outstandingtoken VALUES('eyJhbGciOiJIUzI1NiIsInR5cCI6IkpXVCJ9.eyJ0b2tlbl90eXBlIjoicmVmcmVzaCIsImV4cCI6MTc1NDY1MTAzOCwiaWF0IjoxNzU0NTY0NjM4LCJqdGkiOiI0NWIyYzc5ODg0MzM0ODU0YTUzNjFmMWE0YWJiMTM2MiIsInVzZXJfaWQiOiIxIn0.L6YoXMJN8uLuzXwUuqbo98jtqSSeJcyD9Ngq8-Xa7U4','2025-08-07 11:03:58.749594','2025-08-08 11:03:58',1,'45b2c79884334854a5361f1a4abb1362',1);
INSERT INTO token_blacklist_outstandingtoken VALUES('eyJhbGciOiJIUzI1NiIsInR5cCI6IkpXVCJ9.eyJ0b2tlbl90eXBlIjoicmVmcmVzaCIsImV4cCI6MTc1NDY1MTA3MSwiaWF0IjoxNzU0NTY0NjcxLCJqdGkiOiJhN2FhOGExMjYwMTk0MzFhOTU4MTRkNmY5YzYwMzJiZSIsInVzZXJfaWQiOiIxIn0.j-Neh4KnMA-17jddH543kiCim_bXo-w7K-puBtKDD_s','2025-08-07 11:04:31.196592','2025-08-08 11:04:31',1,'a7aa8a126019431a95814d6f9c6032be',2);
INSERT INTO token_blacklist_outstandingtoken VALUES('eyJhbGciOiJIUzI1NiIsInR5cCI6IkpXVCJ9.eyJ0b2tlbl90eXBlIjoicmVmcmVzaCIsImV4cCI6MTc1NDY1MTE2MSwiaWF0IjoxNzU0NTY0NzYxLCJqdGkiOiI5ZWU4ODE5MGQwYTk0OTgzYmQzY2M0NTFiYjQyOTFmZSIsInVzZXJfaWQiOiIyIn0.NduWBjvj2KTe10PTHCvyybOfuHyH7-szB5wzeKQAJ0o','2025-08-07 11:06:01.374978','2025-08-08 11:06:01',2,'9ee88190d0a94983bd3cc451bb4291fe',3);
INSERT INTO token_blacklist_outstandingtoken VALUES('eyJhbGciOiJIUzI1NiIsInR5cCI6IkpXVCJ9.eyJ0b2tlbl90eXBlIjoicmVmcmVzaCIsImV4cCI6MTc1NDY1MTE3MCwiaWF0IjoxNzU0NTY0NzcwLCJqdGkiOiIwNGRiMWIzMzc3NWE0MmE1YTk5YmU2YjQwMjJjZjllOCIsInVzZXJfaWQiOiIyIn0.u1Js6WkdO3y4TROJUaKLkMLIG9shhnypRvaLWc6x1uE','2025-08-07 11:06:10.816157','2025-08-08 11:06:10',2,'04db1b33775a42a5a99be6b4022cf9e8',4);
INSERT INTO token_blacklist_outstandingtoken VALUES('eyJhbGciOiJIUzI1NiIsInR5cCI6IkpXVCJ9.eyJ0b2tlbl90eXBlIjoicmVmcmVzaCIsImV4cCI6MTc1NDY1ODQwNywiaWF0IjoxNzU0NTcyMDA3LCJqdGkiOiIzMTJiNjI3MDdiOTI0ZGU4YTA1MGQ2MWQyZTllZmU5NyIsInVzZXJfaWQiOiIxIn0.7mBjGHjyg6ink8nbUVYq2INzmZRqzQ7Pwm4Ar5Eu33I','2025-08-07 13:06:47.947517','2025-08-08 13:06:47',1,'312b62707b924de8a050d61d2e9efe97',5);
INSERT INTO token_blacklist_outstandingtoken VALUES('eyJhbGciOiJIUzI1NiIsInR5cCI6IkpXVCJ9.eyJ0b2tlbl90eXBlIjoicmVmcmVzaCIsImV4cCI6MTc1NDY1ODQzNywiaWF0IjoxNzU0NTcyMDM3LCJqdGkiOiJiZmE2NjMzZWVlNjc0NTY4Yjc4ZTRiMTY2OTY4Y2Q0YyIsInVzZXJfaWQiOiIxIn0.7bbyaVdYqqwAkB_nclAysD-wEbdo54k5obNnmrNr6SE','2025-08-07 13:07:17.064355','2025-08-08 13:07:17',1,'bfa6633eee674568b78e4b166968cd4c',6);
INSERT INTO token_blacklist_outstandingtoken VALUES('eyJhbGciOiJIUzI1NiIsInR5cCI6IkpXVCJ9.eyJ0b2tlbl90eXBlIjoicmVmcmVzaCIsImV4cCI6MTc1NDY1ODQ2OCwiaWF0IjoxNzU0NTcyMDY4LCJqdGkiOiI1YzNkZjk3NGI0OTc0YTZjYjhjZjgwZmRiYjY3OThkYyIsInVzZXJfaWQiOiIyIn0._rGXKS1BNB6ndbjR4JmphGzLxta1FFHfdIC5KStwpWw','2025-08-07 13:07:48.730931','2025-08-08 13:07:48',2,'5c3df974b4974a6cb8cf80fdbb6798dc',7);
INSERT INTO token_blacklist_outstandingtoken VALUES('eyJhbGciOiJIUzI1NiIsInR5cCI6IkpXVCJ9.eyJ0b2tlbl90eXBlIjoicmVmcmVzaCIsImV4cCI6MTc1NDY3NzQ3NywiaWF0IjoxNzU0NTkxMDc3LCJqdGkiOiIxMWU0ODhmOTZjNDE0NzExODg5NDEwYTVhYTgwOGRkYiIsInVzZXJfaWQiOiIyIn0.ba-i5gbdUBrf_1F-cGGK2d0rIeCzLVm0KFF6BGkihng','2025-08-07 18:24:37.640034','2025-08-08 18:24:37',2,'11e488f96c414711889410a5aa808ddb',8);
INSERT INTO token_blacklist_outstandingtoken VALUES('eyJhbGciOiJIUzI1NiIsInR5cCI6IkpXVCJ9.eyJ0b2tlbl90eXBlIjoicmVmcmVzaCIsImV4cCI6MTc1NDY3OTYzNiwiaWF0IjoxNzU0NTkzMjM2LCJqdGkiOiJhNzE5ZjJhN2FmYjI0OWYyODk5OTViMmFlZDJhNTViOCIsInVzZXJfaWQiOiIxIn0.fqGcd-eYooYn5oxBKlqfoL0L5lcaDg7EVCYLkk-ySM8','2025-08-07 19:00:36.882427','2025-08-08 19:00:36',1,'a719f2a7afb249f289995b2aed2a55b8',9);
INSERT INTO token_blacklist_outstandingtoken VALUES('eyJhbGciOiJIUzI1NiIsInR5cCI6IkpXVCJ9.eyJ0b2tlbl90eXBlIjoicmVmcmVzaCIsImV4cCI6MTc1NDY3OTY1OSwiaWF0IjoxNzU0NTkzMjU5LCJqdGkiOiJkZjMxZDY5MjEzYTk0MmIzODllMTVkOTZjMWI2NDA2MiIsInVzZXJfaWQiOiIyIn0.wGSuhi1xLo4fW5xoxtfa8t_jEnrqyitlfW2_eNG8fKA','2025-08-07 19:00:59.893909','2025-08-08 19:00:59',2,'df31d69213a942b389e15d96c1b64062',10);
INSERT INTO token_blacklist_outstandingtoken VALUES('eyJhbGciOiJIUzI1NiIsInR5cCI6IkpXVCJ9.eyJ0b2tlbl90eXBlIjoicmVmcmVzaCIsImV4cCI6MTc1NDY4MzAwNywiaWF0IjoxNzU0NTk2NjA3LCJqdGkiOiJjNzBlMmE5ZjhmMjE0YmNjYTVjZDFhMzk1N2VlNzc2OCIsInVzZXJfaWQiOiIyIn0.8lwyzHdEOqAQ1beaCnFID-MEmoZ3FNtGnyP4VnZPguI','2025-08-07 19:56:47.926196','2025-08-08 19:56:47',2,'c70e2a9f8f214bcca5cd1a3957ee7768',11);
INSERT INTO token_blacklist_outstandingtoken VALUES('eyJhbGciOiJIUzI1NiIsInR5cCI6IkpXVCJ9.eyJ0b2tlbl90eXBlIjoicmVmcmVzaCIsImV4cCI6MTc1NDcxNTc1MiwiaWF0IjoxNzU0NjI5MzUyLCJqdGkiOiJkNmQxMjExNzRmYjk0OGZiYmM3MTEwOWIyZjNjOGQxNSIsInVzZXJfaWQiOiIyIn0.Rz7FSVs7877fXFYqqeGW51tU2kIaOh5zTt8EDQS4wRI','2025-08-08 05:02:32.390951','2025-08-09 05:02:32',2,'d6d121174fb948fbbc71109b2f3c8d15',12);
INSERT INTO token_blacklist_outstandingtoken VALUES('eyJhbGciOiJIUzI1NiIsInR5cCI6IkpXVCJ9.eyJ0b2tlbl90eXBlIjoicmVmcmVzaCIsImV4cCI6MTc1NDcxNzU3NSwiaWF0IjoxNzU0NjMxMTc1LCJqdGkiOiI0NTEwMmFiNGU1N2E0MjExYTg2NGNlYWZiNDQyMjhhMSIsInVzZXJfaWQiOiIyIn0.FVSy1BJJl60nlUY_RWXpb0stPi-BH8HoqvL4EYdV2n0','2025-08-08 05:32:55.758011','2025-08-09 05:32:55',2,'45102ab4e57a4211a864ceafb44228a1',13);
INSERT INTO token_blacklist_outstandingtoken VALUES('eyJhbGciOiJIUzI1NiIsInR5cCI6IkpXVCJ9.eyJ0b2tlbl90eXBlIjoicmVmcmVzaCIsImV4cCI6MTc1NDcxODM3MCwiaWF0IjoxNzU0NjMxOTcwLCJqdGkiOiJkNGEzOWFlMjRmYzI0Mjg2YmI5ZGRhYjQwZjE4NjU2NSIsInVzZXJfaWQiOiIyIn0.KoS79gKvX84TksyJUaWORHDgCdKrzT0Cq6fmO6iTyx0','2025-08-08 05:46:10.714899','2025-08-09 05:46:10',2,'d4a39ae24fc24286bb9ddab40f186565',14);
INSERT INTO token_blacklist_outstandingtoken VALUES('eyJhbGciOiJIUzI1NiIsInR5cCI6IkpXVCJ9.eyJ0b2tlbl90eXBlIjoicmVmcmVzaCIsImV4cCI6MTc1NDcxODcwOCwiaWF0IjoxNzU0NjMyMzA4LCJqdGkiOiJlYjZjNzgyYTUwZDg0MDJiYTlkYzAxOWJhNTA5MGMwMSIsInVzZXJfaWQiOiIyIn0.GWy-SYnBgenQAd-GMUdKj_QByp3KlyW085iQQ911lI0','2025-08-08 05:51:48.916301','2025-08-09 05:51:48',2,'eb6c782a50d8402ba9dc019ba5090c01',15);
INSERT INTO token_blacklist_outstandingtoken VALUES('eyJhbGciOiJIUzI1NiIsInR5cCI6IkpXVCJ9.eyJ0b2tlbl90eXBlIjoicmVmcmVzaCIsImV4cCI6MTc1NDcxOTA3NywiaWF0IjoxNzU0NjMyNjc3LCJqdGkiOiJhZjQ2MDVjYWU1MzA0NjhmODRkNDA5OGYxZWYyZmZjOCIsInVzZXJfaWQiOiIyIn0.1Maud-nFSCG3PisM2RXm8RX8tRF_DUxL2rMvkBHinvU','2025-08-08 05:57:57.856907','2025-08-09 05:57:57',2,'af4605cae530468f84d4098f1ef2ffc8',16);
INSERT INTO token_blacklist_outstandingtoken VALUES('eyJhbGciOiJIUzI1NiIsInR5cCI6IkpXVCJ9.eyJ0b2tlbl90eXBlIjoicmVmcmVzaCIsImV4cCI6MTc1NDcyMDc2NCwiaWF0IjoxNzU0NjM0MzY0LCJqdGkiOiIwNGNkYTNiODIzMWQ0NjUzOTUyMmQwNjhiYjI4MmE2MSIsInVzZXJfaWQiOiIyIn0.ycm-eNUgBe_fIr2iH8XtOwIytNHsA0x5x7jufh8UlpI','2025-08-08 06:26:04.091894','2025-08-09 06:26:04',2,'04cda3b8231d46539522d068bb282a61',17);
INSERT INTO token_blacklist_outstandingtoken VALUES('eyJhbGciOiJIUzI1NiIsInR5cCI6IkpXVCJ9.eyJ0b2tlbl90eXBlIjoicmVmcmVzaCIsImV4cCI6MTc1NDcyMTIzMCwiaWF0IjoxNzU0NjM0ODMwLCJqdGkiOiJhZjE0OGUyMWYwZTA0MzZlODY3ZmI5M2JmZjg0NGEwNSIsInVzZXJfaWQiOiIyIn0.Z_1KEnFbZjaVBpFIvk46r9iX8fqvXCplhxjVT1qE4_U','2025-08-08 06:33:50.309459','2025-08-09 06:33:50',2,'af148e21f0e0436e867fb93bff844a05',18);
INSERT INTO token_blacklist_outstandingtoken VALUES('eyJhbGciOiJIUzI1NiIsInR5cCI6IkpXVCJ9.eyJ0b2tlbl90eXBlIjoicmVmcmVzaCIsImV4cCI6MTc1NDcyMTU0NSwiaWF0IjoxNzU0NjM1MTQ1LCJqdGkiOiIwMmM4ZTNlMzIwNjU0NWI2ODlhMzE0MGZkZWEyYzNhNyIsInVzZXJfaWQiOiIyIn0.R6JRrrclJokePBq6Oqn62Sqp3EitzEhRJD0-gMQub2U','2025-08-08 06:39:05.836041','2025-08-09 06:39:05',2,'02c8e3e3206545b689a3140fdea2c3a7',19);
INSERT INTO token_blacklist_outstandingtoken VALUES('eyJhbGciOiJIUzI1NiIsInR5cCI6IkpXVCJ9.eyJ0b2tlbl90eXBlIjoicmVmcmVzaCIsImV4cCI6MTc1NDcyNTg2NiwiaWF0IjoxNzU0NjM5NDY2LCJqdGkiOiI0OWMwNjcxNjg2MWQ0NTAwYmI1NGNkNzNkNWUxYzRhYSIsInVzZXJfaWQiOiIyIn0.-Ow33kfmi4VRcFc3QY7y_E42Yhc377dRSpOTyWVgEiA','2025-08-08 07:51:06.389235','2025-08-09 07:51:06',2,'49c06716861d4500bb54cd73d5e1c4aa',20);
INSERT INTO token_blacklist_outstandingtoken VALUES('eyJhbGciOiJIUzI1NiIsInR5cCI6IkpXVCJ9.eyJ0b2tlbl90eXBlIjoicmVmcmVzaCIsImV4cCI6MTc1NDczMDU5MCwiaWF0IjoxNzU0NjQ0MTkwLCJqdGkiOiJkOGNkYWVkODYxNGU0NmI2OWU5MTk3Yjk2MDJmYjU0ZCIsInVzZXJfaWQiOiIxIn0.Cru_I_o375xP_1wFdAkI04GJ2v96xwK173jFFkhO8eo','2025-08-08 09:09:50.133611','2025-08-09 09:09:50',1,'d8cdaed8614e46b69e9197b9602fb54d',21);
INSERT INTO token_blacklist_outstandingtoken VALUES('eyJhbGciOiJIUzI1NiIsInR5cCI6IkpXVCJ9.eyJ0b2tlbl90eXBlIjoicmVmcmVzaCIsImV4cCI6MTc1NDczMDY0MCwiaWF0IjoxNzU0NjQ0MjQwLCJqdGkiOiI0NjAzMjFlMTZkMzk0ZTIxYmE0YjhiYTExN2FhNWEwYiIsInVzZXJfaWQiOiIyIn0.v_AGzWLRp8RIHVI-sWbdoOTYA4K8WCmujeitxfE7NRs','2025-08-08 09:10:40.388476','2025-08-09 09:10:40',2,'460321e16d394e21ba4b8ba117aa5a0b',22);
INSERT INTO token_blacklist_outstandingtoken VALUES('eyJhbGciOiJIUzI1NiIsInR5cCI6IkpXVCJ9.eyJ0b2tlbl90eXBlIjoicmVmcmVzaCIsImV4cCI6MTc1NDczMTQ0OCwiaWF0IjoxNzU0NjQ1MDQ4LCJqdGkiOiJlNzk2MzFhODU3M2Y0MzI3YjA4YzI3OWVhYjI2MWM4MSIsInVzZXJfaWQiOiIzIn0.VqqS9Hs9skidEhloA-s2mpnAJ5F5uOjV7cqUCO1vjh0','2025-08-08 09:24:08.081113','2025-08-09 09:24:08',NULL,'e79631a8573f4327b08c279eab261c81',23);
INSERT INTO token_blacklist_outstandingtoken VALUES('eyJhbGciOiJIUzI1NiIsInR5cCI6IkpXVCJ9.eyJ0b2tlbl90eXBlIjoicmVmcmVzaCIsImV4cCI6MTc1NDczMTQ2NiwiaWF0IjoxNzU0NjQ1MDY2LCJqdGkiOiIxNmE0MDRmYmE0OTI0YjJhOWNlMTY2NDZlYTQ0YmQ0YiIsInVzZXJfaWQiOiIyIn0.TAwjcNltDvfMNxrXg3vInYxn0FWv0UVPQ_bjRDwe460','2025-08-08 09:24:26.781735','2025-08-09 09:24:26',2,'16a404fba4924b2a9ce16646ea44bd4b',24);
INSERT INTO token_blacklist_outstandingtoken VALUES('eyJhbGciOiJIUzI1NiIsInR5cCI6IkpXVCJ9.eyJ0b2tlbl90eXBlIjoicmVmcmVzaCIsImV4cCI6MTc1NDczMTkwMCwiaWF0IjoxNzU0NjQ1NTAwLCJqdGkiOiI2NTgzYWQ4ZTRmNzc0ZDRjODgwNzZmMDBhYWE1YjFiOCIsInVzZXJfaWQiOiIyIn0.cQkzBVIdBYy3OG8oWpLFecv4FMiuL5zHbIcdPaz5oak','2025-08-08 09:31:40.218669','2025-08-09 09:31:40',2,'6583ad8e4f774d4c88076f00aaa5b1b8',25);
INSERT INTO token_blacklist_outstandingtoken VALUES('eyJhbGciOiJIUzI1NiIsInR5cCI6IkpXVCJ9.eyJ0b2tlbl90eXBlIjoicmVmcmVzaCIsImV4cCI6MTc1NDczMjM4OCwiaWF0IjoxNzU0NjQ1OTg4LCJqdGkiOiI1YmFkYTcwMWQ4OGE0ZGIzYmE4NGE3ZTYwNzBlMjVmZCIsInVzZXJfaWQiOiIyIn0.jdrA0Iw9iR4PD1bdr1iGRyQfhMtggI8sDQVwYkXAxXo','2025-08-08 09:39:48.889677','2025-08-09 09:39:48',2,'5bada701d88a4db3ba84a7e6070e25fd',26);
INSERT INTO token_blacklist_outstandingtoken VALUES('eyJhbGciOiJIUzI1NiIsInR5cCI6IkpXVCJ9.eyJ0b2tlbl90eXBlIjoicmVmcmVzaCIsImV4cCI6MTc1NDczMjQ3MCwiaWF0IjoxNzU0NjQ2MDcwLCJqdGkiOiJkYjhmOTk0ZmQzNTI0YjhjOWQxMjQ3ZTQzNTE0MTVlYSIsInVzZXJfaWQiOiIyIn0.hKt0eWvIJicRA4GdycXhTyiPmZkp8XjgGXJ2uWmAkyY','2025-08-08 09:41:10.341439','2025-08-09 09:41:10',2,'db8f994fd3524b8c9d1247e4351415ea',27);
INSERT INTO token_blacklist_outstandingtoken VALUES('eyJhbGciOiJIUzI1NiIsInR5cCI6IkpXVCJ9.eyJ0b2tlbl90eXBlIjoicmVmcmVzaCIsImV4cCI6MTc1NDczMjg2MSwiaWF0IjoxNzU0NjQ2NDYxLCJqdGkiOiI5YzM1NDgxY2JiNTc0ZDZiYWM1YWJhODQyNTMxNGNkYSIsInVzZXJfaWQiOiIyIn0.mHKQ7695oXWO_nx4LNqfOz3QWTEDwfzqzPqdwH2MmTE','2025-08-08 09:47:41.079479','2025-08-09 09:47:41',2,'9c35481cbb574d6bac5aba8425314cda',28);
INSERT INTO token_blacklist_outstandingtoken VALUES('eyJhbGciOiJIUzI1NiIsInR5cCI6IkpXVCJ9.eyJ0b2tlbl90eXBlIjoicmVmcmVzaCIsImV4cCI6MTc1NDczMjg3NCwiaWF0IjoxNzU0NjQ2NDc0LCJqdGkiOiI4YjU4N2UxODc4MWY0NmIyYTNjZjhjNzMxNGMyYzdiMSIsInVzZXJfaWQiOiIyIn0.5vpf69-lfRHmZs79VbAe9nAcce8pN0ww4_ntjwxEphM','2025-08-08 09:47:54.685485','2025-08-09 09:47:54',2,'8b587e18781f46b2a3cf8c7314c2c7b1',29);
INSERT INTO token_blacklist_outstandingtoken VALUES('eyJhbGciOiJIUzI1NiIsInR5cCI6IkpXVCJ9.eyJ0b2tlbl90eXBlIjoicmVmcmVzaCIsImV4cCI6MTc1NDczMzI1MywiaWF0IjoxNzU0NjQ2ODUzLCJqdGkiOiI3YjNmOTZmOTUwNGE0OGI3YjFkMDUxYTYwNGFhZWYyYSIsInVzZXJfaWQiOiIyIn0.f74GYSTaEkhZhhIcfMxp73SwvS-hI3xoDlQQDZnf5Qo','2025-08-08 09:54:13.481482','2025-08-09 09:54:13',2,'7b3f96f9504a48b7b1d051a604aaef2a',30);
INSERT INTO token_blacklist_outstandingtoken VALUES('eyJhbGciOiJIUzI1NiIsInR5cCI6IkpXVCJ9.eyJ0b2tlbl90eXBlIjoicmVmcmVzaCIsImV4cCI6MTc1NDczMzQwMCwiaWF0IjoxNzU0NjQ3MDAwLCJqdGkiOiJlY2Y2NTZkMzdjOWI0MDI0YWQ3N2U0M2YyZDhlMDllYiIsInVzZXJfaWQiOiIyIn0.nsmUD02rmCfCFLbRBeWFREIE5PWGUK9FTExyJWJUBIU','2025-08-08 09:56:40.374231','2025-08-09 09:56:40',2,'ecf656d37c9b4024ad77e43f2d8e09eb',31);
INSERT INTO token_blacklist_outstandingtoken VALUES('eyJhbGciOiJIUzI1NiIsInR5cCI6IkpXVCJ9.eyJ0b2tlbl90eXBlIjoicmVmcmVzaCIsImV4cCI6MTc1NDczMzgxNCwiaWF0IjoxNzU0NjQ3NDE0LCJqdGkiOiIzODYwNDRkMTljYmY0YWUzYWFlNWFmNzgyYmM4NjQyZSIsInVzZXJfaWQiOiIyIn0.b128zvc_RM-zasLnHd7Da770DcVOzUvYi3cCoJTuFWU','2025-08-08 10:03:34.180660','2025-08-09 10:03:34',2,'386044d19cbf4ae3aae5af782bc8642e',32);
INSERT INTO token_blacklist_outstandingtoken VALUES('eyJhbGciOiJIUzI1NiIsInR5cCI6IkpXVCJ9.eyJ0b2tlbl90eXBlIjoicmVmcmVzaCIsImV4cCI6MTc1NDczMzk2MywiaWF0IjoxNzU0NjQ3NTYzLCJqdGkiOiI5NTBhYzY3ZDRmMWI0YjExYmMxMGJiM2ZlYmVhOTMwYiIsInVzZXJfaWQiOiIyIn0.reH8TBJuWIGTc3akVfsm6O6gvV5InxMNGoRtmQqtE6o','2025-08-08 10:06:03.100664','2025-08-09 10:06:03',2,'950ac67d4f1b4b11bc10bb3febea930b',33);
INSERT INTO token_blacklist_outstandingtoken VALUES('eyJhbGciOiJIUzI1NiIsInR5cCI6IkpXVCJ9.eyJ0b2tlbl90eXBlIjoicmVmcmVzaCIsImV4cCI6MTc1NDczNDMyOCwiaWF0IjoxNzU0NjQ3OTI4LCJqdGkiOiJhNTJiZmFmMmQ5MWQ0YTJkODJiM2ExYTZhNTY5MjBhYyIsInVzZXJfaWQiOiIyIn0.7tLx7bLF0H68ryCYihQiV5Jv9L4RT0wyKwSd8xGkvA4','2025-08-08 10:12:08.572178','2025-08-09 10:12:08',2,'a52bfaf2d91d4a2d82b3a1a6a56920ac',34);
CREATE TABLE IF NOT EXISTS "users_customuser" ("id" integer NOT NULL PRIMARY KEY AUTOINCREMENT, "password" varchar(128) NOT NULL, "last_login" datetime NULL, "is_superuser" bool NOT NULL, "email" varchar(254) NOT NULL UNIQUE, "name" varchar(255) NOT NULL, "is_active" bool NOT NULL, "is_staff" bool NOT NULL, "date_joined" datetime NOT NULL, "team_id" bigint NULL REFERENCES "teams_team" ("id") DEFERRABLE INITIALLY DEFERRED, "role" varchar(20) NOT NULL);
INSERT INTO users_customuser VALUES(1,'pbkdf2_sha256$600000$wEpirglGw3tZWXMZqUw4No$oCQezF2PwYUo3bp57JZdsLKOfJN/nruspm7B6FhFNwI=','2025-08-07 19:01:25.608962',1,'anshika@crm.com','Anshika.admin',1,1,'2025-08-07 11:03:38.907945',2,'team_lead');
INSERT INTO users_customuser VALUES(2,'pbkdf2_sha256$600000$FPbQx6OZhHk6o0gfPnfJ52$Ubhlv1OzekF0Xigtp00C9XrmBZdh3tGdpWZoV7A3Kr4=',NULL,0,'anshikacoder10@gmail.com','Anshika',1,0,'2025-08-07 11:06:01.372156',3,'admin');
CREATE TABLE IF NOT EXISTS "leads_campaign_leads" ("id" integer NOT NULL PRIMARY KEY AUTOINCREMENT, "campaign_id" bigint NOT NULL REFERENCES "leads_campaign" ("id") DEFERRABLE INITIALLY DEFERRED, "lead_id" bigint NOT NULL REFERENCES "leads_lead" ("id") DEFERRABLE INITIALLY DEFERRED);
CREATE TABLE IF NOT EXISTS "leads_campaign" ("id" integer NOT NULL PRIMARY KEY AUTOINCREMENT, "name" varchar(255) NOT NULL, "description" text NOT NULL, "start_date" date NOT NULL, "end_date" date NOT NULL, "created_by_id" bigint NULL REFERENCES "users_customuser" ("id") DEFERRABLE INITIALLY DEFERRED, "status" varchar(50) NOT NULL, "team_id" bigint NULL REFERENCES "teams_team" ("id") DEFERRABLE INITIALLY DEFERRED);
INSERT INTO leads_campaign VALUES(1,'Summer campaign','this is a summer campaign','2025-08-04','2025-08-13',2,'running',NULL);
CREATE TABLE IF NOT EXISTS "leads_ticket" ("id" integer NOT NULL PRIMARY KEY AUTOINCREMENT, "title" varchar(255) NOT NULL, "description" text NOT NULL, "created_at" datetime NOT NULL, "assigned_to_id" bigint NULL REFERENCES "users_customuser" ("id") DEFERRABLE INITIALLY DEFERRED, "lead_id" bigint NOT NULL REFERENCES "leads_lead" ("id") DEFERRABLE INITIALLY DEFERRED, "priority" varchar(50) NOT NULL, "status" varchar(50) NOT NULL, "team_id" bigint NULL REFERENCES "teams_team" ("id") DEFERRABLE INITIALLY DEFERRED, "updated_at" datetime NOT NULL);
INSERT INTO leads_ticket VALUES(2,'User login Issue','Problem in login','2025-08-07 19:12:02.440585',2,3,'medium','in_progress',NULL,'2025-08-08 09:50:28.283144');
INSERT INTO leads_ticket VALUES(3,'Database optimizations','Optimize slow queries','2025-08-07 19:51:40.185197',2,1,'medium','in_progress',NULL,'2025-08-08 09:51:14.366553');
INSERT INTO leads_ticket VALUES(4,'Password Reset Email','jhbkjbkjn','2025-08-07 19:54:51.607401',2,4,'low','closed',NULL,'2025-08-08 09:51:42.643197');
INSERT INTO leads_ticket VALUES(6,'login issue','hjbdf','2025-08-08 10:07:34.466342',2,2,'high','in_progress',NULL,'2025-08-08 10:07:34.466384');
CREATE TABLE IF NOT EXISTS "leads_attachment" ("id" integer NOT NULL PRIMARY KEY AUTOINCREMENT, "file" varchar(100) NOT NULL, "uploaded_at" datetime NOT NULL, "lead_id" bigint NULL REFERENCES "leads_lead" ("id") DEFERRABLE INITIALLY DEFERRED, "ticket_id" bigint NULL REFERENCES "leads_ticket" ("id") DEFERRABLE INITIALLY DEFERRED, "uploaded_by_id" bigint NULL REFERENCES "users_customuser" ("id") DEFERRABLE INITIALLY DEFERRED);
INSERT INTO leads_attachment VALUES(4,'attachments/education.gif','2025-08-08 09:39:05.871700',1,2,2);
INSERT INTO leads_attachment VALUES(5,'attachments/certificate.gif','2025-08-08 09:39:20.600944',1,2,2);
CREATE TABLE IF NOT EXISTS "leads_note" ("id" integer NOT NULL PRIMARY KEY AUTOINCREMENT, "description" text NOT NULL, "created_at" datetime NOT NULL, "created_by_id" bigint NOT NULL REFERENCES "users_customuser" ("id") DEFERRABLE INITIALLY DEFERRED, "lead_id" bigint NULL REFERENCES "leads_lead" ("id") DEFERRABLE INITIALLY DEFERRED, "ticket_id" bigint NULL REFERENCES "leads_ticket" ("id") DEFERRABLE INITIALLY DEFERRED);
INSERT INTO leads_note VALUES(2,'JLJLJLDFDnm m','2025-08-08 06:08:56.426023',2,NULL,2);
INSERT INTO leads_note VALUES(3,'THIS IS THE SECOND NOTE FOR TICKET KKJLKJL','2025-08-08 06:09:10.311618',2,NULL,NULL);
INSERT INTO leads_note VALUES(4,'J;LJL;JDSNK','2025-08-08 06:09:40.047550',2,NULL,NULL);
INSERT INTO leads_note VALUES(5,'KJKJ;JJJLKS','2025-08-08 06:09:44.478031',2,NULL,NULL);
INSERT INTO leads_note VALUES(6,'JHJSFNKSD','2025-08-08 06:09:50.362574',2,NULL,NULL);
INSERT INTO leads_note VALUES(7,'KJKJDFG','2025-08-08 06:14:52.992147',2,NULL,NULL);
INSERT INTO leads_note VALUES(8,'SDGFSG','2025-08-08 06:14:56.720151',2,NULL,NULL);
INSERT INTO leads_note VALUES(9,'kjhksflksfd','2025-08-08 06:15:23.574876',2,NULL,NULL);
INSERT INTO leads_note VALUES(10,'kjlkjljsfd','2025-08-08 06:35:01.942436',2,1,2);
INSERT INTO leads_note VALUES(13,'kljljfs;jglkd','2025-08-08 06:39:25.101833',2,1,3);
DELETE FROM sqlite_sequence;
INSERT INTO sqlite_sequence VALUES('django_migrations',48);
INSERT INTO sqlite_sequence VALUES('django_content_type',15);
INSERT INTO sqlite_sequence VALUES('auth_permission',60);
INSERT INTO sqlite_sequence VALUES('auth_group',0);
INSERT INTO sqlite_sequence VALUES('django_admin_log',3);
INSERT INTO sqlite_sequence VALUES('contacts_contact',2);
INSERT INTO sqlite_sequence VALUES('teams_team',4);
INSERT INTO sqlite_sequence VALUES('token_blacklist_blacklistedtoken',0);
INSERT INTO sqlite_sequence VALUES('token_blacklist_outstandingtoken',34);
INSERT INTO sqlite_sequence VALUES('users_customuser',3);
INSERT INTO sqlite_sequence VALUES('leads_lead',5);
INSERT INTO sqlite_sequence VALUES('leads_campaign',2);
INSERT INTO sqlite_sequence VALUES('leads_ticket',6);
INSERT INTO sqlite_sequence VALUES('leads_attachment',5);
INSERT INTO sqlite_sequence VALUES('leads_note',13);
CREATE UNIQUE INDEX "django_content_type_app_label_model_76bd3d3b_uniq" ON "django_content_type" ("app_label", "model");
CREATE UNIQUE INDEX "auth_group_permissions_group_id_permission_id_0cd325b0_uniq" ON "auth_group_permissions" ("group_id", "permission_id");
CREATE INDEX "auth_group_permissions_group_id_b120cbf9" ON "auth_group_permissions" ("group_id");
CREATE INDEX "auth_group_permissions_permission_id_84c5c92e" ON "auth_group_permissions" ("permission_id");
CREATE UNIQUE INDEX "auth_permission_content_type_id_codename_01ab375a_uniq" ON "auth_permission" ("content_type_id", "codename");
CREATE INDEX "auth_permission_content_type_id_2f476e4b" ON "auth_permission" ("content_type_id");
CREATE UNIQUE INDEX "users_customuser_groups_customuser_id_group_id_76b619e3_uniq" ON "users_customuser_groups" ("customuser_id", "group_id");
CREATE INDEX "users_customuser_groups_customuser_id_958147bf" ON "users_customuser_groups" ("customuser_id");
CREATE INDEX "users_customuser_groups_group_id_01390b14" ON "users_customuser_groups" ("group_id");
CREATE UNIQUE INDEX "users_customuser_user_permissions_customuser_id_permission_id_7a7debf6_uniq" ON "users_customuser_user_permissions" ("customuser_id", "permission_id");
CREATE INDEX "users_customuser_user_permissions_customuser_id_5771478b" ON "users_customuser_user_permissions" ("customuser_id");
CREATE INDEX "users_customuser_user_permissions_permission_id_baaa2f74" ON "users_customuser_user_permissions" ("permission_id");
CREATE INDEX "django_admin_log_content_type_id_c4bce8eb" ON "django_admin_log" ("content_type_id");
CREATE INDEX "django_admin_log_user_id_c564eba6" ON "django_admin_log" ("user_id");
CREATE INDEX "leads_lead_user_id_bed2f947" ON "leads_lead" ("user_id");
CREATE INDEX "contacts_contact_lead_id_4168cd24" ON "contacts_contact" ("lead_id");
CREATE INDEX "leads_lead_assigned_to_id_d7a91e6c" ON "leads_lead" ("assigned_to_id");
CREATE INDEX "leads_lead_team_id_93d3ec8e" ON "leads_lead" ("team_id");
CREATE INDEX "django_session_expire_date_a5c62663" ON "django_session" ("expire_date");
CREATE INDEX "teams_team_assigned_to_id_917e0529" ON "teams_team" ("assigned_to_id");
CREATE INDEX "token_blacklist_outstandingtoken_user_id_83bc629a" ON "token_blacklist_outstandingtoken" ("user_id");
CREATE INDEX "users_customuser_team_id_dc59f3b2" ON "users_customuser" ("team_id");
CREATE UNIQUE INDEX "leads_campaign_leads_campaign_id_lead_id_f4c4de05_uniq" ON "leads_campaign_leads" ("campaign_id", "lead_id");
CREATE INDEX "leads_campaign_leads_campaign_id_4fc9b08c" ON "leads_campaign_leads" ("campaign_id");
CREATE INDEX "leads_campaign_leads_lead_id_45421b1b" ON "leads_campaign_leads" ("lead_id");
CREATE INDEX "leads_campaign_created_by_id_b59ba639" ON "leads_campaign" ("created_by_id");
CREATE INDEX "leads_campaign_team_id_c10625d1" ON "leads_campaign" ("team_id");
CREATE INDEX "leads_ticket_assigned_to_id_63408aa0" ON "leads_ticket" ("assigned_to_id");
CREATE INDEX "leads_ticket_lead_id_7f7a62c1" ON "leads_ticket" ("lead_id");
CREATE INDEX "leads_ticket_team_id_33fbf537" ON "leads_ticket" ("team_id");
CREATE INDEX "leads_attachment_lead_id_564e3acb" ON "leads_attachment" ("lead_id");
CREATE INDEX "leads_attachment_ticket_id_f8be6d63" ON "leads_attachment" ("ticket_id");
CREATE INDEX "leads_note_created_by_id_db77d265" ON "leads_note" ("created_by_id");
CREATE INDEX "leads_note_lead_id_5778e489" ON "leads_note" ("lead_id");
CREATE INDEX "leads_note_ticket_id_e7eea6ed" ON "leads_note" ("ticket_id");
CREATE INDEX "leads_attachment_uploaded_by_id_b0c07e5d" ON "leads_attachment" ("uploaded_by_id");
COMMIT;
