[{"model": "users.customuser", "pk": 1, "fields": {"password": "pbkdf2_sha256$600000$wEpirglGw3tZWXMZqUw4No$oCQezF2PwYUo3bp57JZdsLKOfJN/nruspm7B6FhFNwI=", "last_login": "2025-08-07T19:01:25.608Z", "is_superuser": true, "email": "anshika@crm.com", "name": "Anshika.Lead", "role": "manager", "team": 2, "is_active": true, "is_staff": true, "date_joined": "2025-08-07T11:03:38.907Z", "groups": [], "user_permissions": []}}, {"model": "users.customuser", "pk": 2, "fields": {"password": "pbkdf2_sha256$600000$UIJPNZHpgsjF8ALsIYE66p$DDJWqbcojfVhZ/rn9LJ7sqcsAVHpB8U2CmBXS2SSqFc=", "last_login": null, "is_superuser": false, "email": "anshikacoder10@gmail.com", "name": "Anshika", "role": "admin", "team": 2, "is_active": true, "is_staff": false, "date_joined": "2025-08-07T11:06:01.372Z", "groups": [], "user_permissions": []}}, {"model": "teams.team", "pk": 2, "fields": {"name": "Alpha", "assigned_to": 2, "description": "This is Team Alpha", "created_at": "2025-08-07T13:16:36.414Z"}}, {"model": "teams.team", "pk": 3, "fields": {"name": "Beta", "assigned_to": 2, "description": "This is Team Beta", "created_at": "2025-08-07T13:22:31.895Z"}}, {"model": "teams.team", "pk": 4, "fields": {"name": "Gamma", "assigned_to": 2, "description": "This is Team Gamma", "created_at": "2025-08-08T09:52:42.677Z"}}, {"model": "leads.lead", "pk": 1, "fields": {"user": 2, "name": "Rahul", "email": "jjj@gmail.com", "phone_number": "9811947747", "status": "Contacted", "assigned_to": 1, "team": 2, "created_at": "2025-08-07T11:06:23.188Z", "updated_at": "2025-08-19T11:25:22.129Z"}}, {"model": "leads.lead", "pk": 2, "fields": {"user": 2, "name": "Edward", "email": "test@example.com", "phone_number": "9811947748", "status": "Contacted", "assigned_to": 2, "team": null, "created_at": "2025-08-07T18:54:07.669Z", "updated_at": "2025-08-07T18:54:07.669Z"}}, {"model": "leads.lead", "pk": 3, "fields": {"user": 2, "name": "Shivam", "email": "skrcoder07@gmail.com", "phone_number": "7838767921", "status": "Qualified", "assigned_to": 1, "team": 2, "created_at": "2025-08-08T08:04:19.336Z", "updated_at": "2025-08-08T08:04:19.336Z"}}, {"model": "leads.lead", "pk": 4, "fields": {"user": 2, "name": "Ramesh", "email": "jjjhhj@gmail.com", "phone_number": "9811947748", "status": "Contacted", "assigned_to": null, "team": null, "created_at": "2025-08-08T09:48:16.211Z", "updated_at": "2025-08-08T09:48:22.661Z"}}, {"model": "leads.lead", "pk": 23, "fields": {"user": 2, "name": "Simran", "email": "jgjgiujj@gmail.com", "phone_number": "9899455622", "status": "Contacted", "assigned_to": 2, "team": 2, "created_at": "2025-08-25T11:01:50.739Z", "updated_at": "2025-08-25T11:01:50.739Z"}}, {"model": "leads.lead", "pk": 25, "fields": {"user": 2, "name": "Vikas", "email": "jjjfsdfsdff@gmail.com", "phone_number": "7838767921", "status": "Contacted", "assigned_to": 1, "team": 2, "created_at": "2025-08-25T11:03:05.635Z", "updated_at": "2025-08-25T11:03:05.635Z"}}, {"model": "leads.lead", "pk": 27, "fields": {"user": 1, "name": "Mohan", "email": "jjjffff@gmail.com", "phone_number": "7838767921", "status": "Contacted", "assigned_to": 1, "team": 2, "created_at": "2025-08-25T11:05:26.800Z", "updated_at": "2025-08-25T11:05:26.800Z"}}, {"model": "leads.lead", "pk": 28, "fields": {"user": 1, "name": "Shyam", "email": "test@example.com", "phone_number": "9811947747", "status": "New", "assigned_to": 1, "team": 2, "created_at": "2025-08-25T11:06:08.691Z", "updated_at": "2025-08-25T11:06:08.691Z"}}, {"model": "leads.lead", "pk": 29, "fields": {"user": 2, "name": "Vishal", "email": "fffkjhr@gmail.com", "phone_number": "9899455622", "status": "Lost", "assigned_to": 2, "team": 2, "created_at": "2025-08-25T11:07:34.817Z", "updated_at": "2025-08-25T11:07:34.817Z"}}, {"model": "leads.lead", "pk": 33, "fields": {"user": 2, "name": "Anshikannn", "email": "anshikarai0804@gmail.com", "phone_number": "9811947747", "status": "Lost", "assigned_to": 2, "team": 2, "created_at": "2025-08-25T11:23:51.264Z", "updated_at": "2025-08-25T11:23:51.264Z"}}, {"model": "leads.ticket", "pk": 2, "fields": {"title": "User login Issue", "description": "Problem in login", "status": "in_progress", "priority": "medium", "lead": 3, "assigned_to": 2, "team": null, "created_at": "2025-08-07T19:12:02.440Z", "updated_at": "2025-08-08T09:50:28.283Z"}}, {"model": "leads.ticket", "pk": 3, "fields": {"title": "Database optimizations", "description": "Optimize slow queries", "status": "in_progress", "priority": "medium", "lead": 1, "assigned_to": 2, "team": null, "created_at": "2025-08-07T19:51:40.185Z", "updated_at": "2025-08-08T09:51:14.366Z"}}, {"model": "leads.ticket", "pk": 4, "fields": {"title": "Password Reset Email", "description": "jhbkjbkjn", "status": "closed", "priority": "low", "lead": 4, "assigned_to": 2, "team": null, "created_at": "2025-08-07T19:54:51.607Z", "updated_at": "2025-08-08T09:51:42.643Z"}}, {"model": "leads.ticket", "pk": 6, "fields": {"title": "login issue", "description": "hjbdf", "status": "in_progress", "priority": "high", "lead": 2, "assigned_to": 2, "team": null, "created_at": "2025-08-08T10:07:34.466Z", "updated_at": "2025-08-08T10:07:34.466Z"}}, {"model": "leads.note", "pk": 2, "fields": {"description": "JLJLJLDFDnm m", "created_by": 2, "created_at": "2025-08-08T06:08:56.426Z", "lead": null, "ticket": 2}}, {"model": "leads.note", "pk": 3, "fields": {"description": "THIS IS THE SECOND NOTE FOR TICKET KKJLKJL", "created_by": 2, "created_at": "2025-08-08T06:09:10.311Z", "lead": null, "ticket": null}}, {"model": "leads.note", "pk": 4, "fields": {"description": "J;LJL;JDSNK", "created_by": 2, "created_at": "2025-08-08T06:09:40.047Z", "lead": null, "ticket": null}}, {"model": "leads.note", "pk": 5, "fields": {"description": "KJKJ;JJJLKS", "created_by": 2, "created_at": "2025-08-08T06:09:44.478Z", "lead": null, "ticket": null}}, {"model": "leads.note", "pk": 6, "fields": {"description": "JHJSFNKSD", "created_by": 2, "created_at": "2025-08-08T06:09:50.362Z", "lead": null, "ticket": null}}, {"model": "leads.note", "pk": 7, "fields": {"description": "KJKJDFG", "created_by": 2, "created_at": "2025-08-08T06:14:52.992Z", "lead": null, "ticket": null}}, {"model": "leads.note", "pk": 8, "fields": {"description": "SDGFSG", "created_by": 2, "created_at": "2025-08-08T06:14:56.720Z", "lead": null, "ticket": null}}, {"model": "leads.note", "pk": 9, "fields": {"description": "kjhksflksfd", "created_by": 2, "created_at": "2025-08-08T06:15:23.574Z", "lead": null, "ticket": null}}, {"model": "leads.note", "pk": 10, "fields": {"description": "kjlkjljsfd", "created_by": 2, "created_at": "2025-08-08T06:35:01.942Z", "lead": 1, "ticket": 2}}, {"model": "leads.note", "pk": 13, "fields": {"description": "kljljfs;jglkd", "created_by": 2, "created_at": "2025-08-08T06:39:25.101Z", "lead": 1, "ticket": 3}}, {"model": "leads.attachment", "pk": 4, "fields": {"file": "attachments/education.gif", "uploaded_by": 2, "uploaded_at": "2025-08-08T09:39:05.871Z", "lead": 1, "ticket": 2}}, {"model": "leads.attachment", "pk": 5, "fields": {"file": "attachments/certificate.gif", "uploaded_by": 2, "uploaded_at": "2025-08-08T09:39:20.600Z", "lead": 1, "ticket": 2}}, {"model": "leads.campaign", "pk": 1, "fields": {"name": "Summer campaign", "description": "this is a summer campaign", "start_date": "2025-08-04", "end_date": "2025-08-13", "created_by": 2, "team": null, "status": "running", "leads": []}}, {"model": "contacts.contact", "pk": 1, "fields": {"lead": 1, "name": "Shyam", "email": "test@example.com", "phone_number": "7838767921", "notes": null, "created_at": "2025-08-07T11:06:41.393Z"}}, {"model": "contacts.contact", "pk": 2, "fields": {"lead": 1, "name": "Ram", "email": "jjj@gmail.com", "phone_number": "7838767921", "notes": null, "created_at": "2025-08-08T08:04:44.352Z"}}, {"model": "notifications.notification", "pk": 1, "fields": {"user": 1, "lead": 1, "message": "You have been assigned lead 'Rahul'.", "is_read": false, "created_at": "2025-08-19T11:25:22.133Z"}}, {"model": "notifications.notification", "pk": 20, "fields": {"user": 2, "lead": 23, "message": "A new lead Simran has been assigned to you.", "is_read": true, "created_at": "2025-08-25T11:01:50.745Z"}}, {"model": "notifications.notification", "pk": 22, "fields": {"user": 1, "lead": 25, "message": "A new lead Vikas has been assigned to you.", "is_read": true, "created_at": "2025-08-25T11:03:05.641Z"}}, {"model": "notifications.notification", "pk": 24, "fields": {"user": 1, "lead": 27, "message": "A new lead Mohan has been assigned to you.", "is_read": true, "created_at": "2025-08-25T11:05:26.808Z"}}, {"model": "notifications.notification", "pk": 25, "fields": {"user": 1, "lead": 28, "message": "A new lead Shyam has been assigned to you.", "is_read": true, "created_at": "2025-08-25T11:06:08.699Z"}}, {"model": "notifications.notification", "pk": 26, "fields": {"user": 2, "lead": 29, "message": "A new lead Vishal has been assigned to you.", "is_read": true, "created_at": "2025-08-25T11:07:34.825Z"}}, {"model": "notifications.notification", "pk": 30, "fields": {"user": 2, "lead": 33, "message": "A new lead Anshikannn has been assigned to you.", "is_read": false, "created_at": "2025-08-25T11:23:51.270Z"}}]